,phrase,label,sentiment,subjectivity,language,count
Typhoon Haikui,Typhoon Haikui,PERSON,0.04306175595238095,0.1339781746031746,en,56
Typhoon Doksuri,Typhoon Doksuri,PERSON,0.04231751477034496,0.3183457213645893,en,53
Typhoon Saola,Typhoon Saola,PERSON,0.037906976744186034,0.2595251937984497,en,43
Forecast Cone,Forecast Cone,PERSON,0.050000000000000024,0.23666666666666658,en,31
Joe Biden,Joe Biden,PERSON,-0.08693272005772004,0.40463564213564196,en,28
Ron DeSantis,Ron DeSantis,PERSON,-0.01539855072463768,0.20869565217391303,en,23
Roman Storm,Roman Storm,PERSON,0.06891414141414141,0.28943602693602694,en,18
SAMY MAGDY,SAMY MAGDY,PERSON,-0.08010416666666667,0.30559895833333334,en,16
Storm Lee,Storm Lee,PERSON,-0.1351166125541126,0.5309485930735931,en,16
Typhoon Lan,Typhoon Lan,PERSON,0.023326919993586662,0.14212522045855377,en,15
REBECCA BOONE,REBECCA BOONE,PERSON,-0.03984848484848485,0.19768939393939397,en,12
Dafne Keen,Dafne Keen,PERSON,-0.006969696969696964,0.356969696969697,en,11
Josh Green,Josh Green,PERSON,-0.0928856749311295,0.4461363636363636,en,11
Storm Betty,Storm Betty,PERSON,-0.0076666666666666715,0.3373888888888889,en,10
Bernardo Arevalo,Bernardo Arevalo,PERSON,0.20888888888888887,0.29148148148148156,en,9
Roman Semenov,Roman Semenov,PERSON,0.12575517075517076,0.2724025974025974,en,9
Storm Antoni,Storm Antoni,PERSON,0.0018518518518518485,0.17962962962962964,en,9
El Nino,El Nino,PERSON,-0.1285748106060606,0.49256628787878787,en,8
Eric Adams,Eric Adams,PERSON,-0.062020878427128424,0.2638945256132756,en,8
Pernille Harder,Pernille Harder,PERSON,-0.04583333333333334,0.10027777777777777,en,8
Khalid Alkowash,Khalid Alkowash,PERSON,0.02375,0.3499999999999999,en,8
Xi Jinping,Xi Jinping,PERSON,-0.037043908472479896,0.2634075448361163,en,7
Rio Grande,Rio Grande,PERSON,-0.135952380952381,0.34119047619047616,en,7
Luis Rubiales,Luis Rubiales,PERSON,0.022005772005772004,0.06435786435786436,en,7
Yevgeny Prigozhin,Yevgeny Prigozhin,PERSON,-0.03333333333333333,0.027777777777777776,en,6
Ursula von der Leyen,Ursula von der Leyen,PERSON,-0.17373737373737375,0.26900252525252527,en,6
Cyclone Freddy,Cyclone Freddy,PERSON,0.34047619047619043,0.5490079365079366,en,6
Storm Hans,Storm Hans,PERSON,-0.03229166666666666,0.3013888888888889,en,6
Victor Osimhen,Victor Osimhen,PERSON,0.11018518518518516,0.2898148148148148,en,6
Sophie Nélisse,Sophie Nélisse,PERSON,-0.013611111111111102,0.31222222222222223,en,6
Nick Frost,Nick Frost,PERSON,-0.14166666666666666,0.3277777777777778,en,6
Donald Trump,Donald Trump,PERSON,-0.002651515151515157,0.15544733044733045,en,6
Vladimir Putin,Vladimir Putin,PERSON,-0.03125,0.057638888888888885,en,6
Pushpa Kamal Dahal,Pushpa Kamal Dahal,PERSON,0.046875,0.08333333333333333,en,6
Typhoon Khanun,Typhoon Khanun,PERSON,-0.06597222222222222,0.26666666666666666,en,6
Cindy McCain,Cindy McCain,PERSON,0.259047619047619,0.5723809523809523,en,6
Russell Wilson,Russell Wilson,PERSON,0.08333333333333333,0.28828703703703706,en,5
Storm Margot,Storm Margot,PERSON,0.0,0.3,en,5
Storm Doksuri,Storm Doksuri,PERSON,0.019555555555555555,0.15177777777777776,en,5
Met Éireann,Met Éireann,PERSON,-0.05222222222222224,0.22555555555555556,en,5
Typhoon Koinu,Typhoon Koinu,PERSON,0.09666666666666665,0.3466666666666667,en,5
Lionel Messi,Lionel Messi,PERSON,0.08000000000000002,0.18,en,5
Marie el-Drese,Marie el-Drese,PERSON,-0.015333333333333329,0.37,en,5
DANIEL KOZIN,DANIEL KOZIN,PERSON,0.033333333333333326,0.7000000000000001,en,5
Vassilis Kikilias,Vassilis Kikilias,PERSON,-0.08000000000000002,0.06666666666666667,en,5
Tropical Storm Franklin,Tropical Storm Franklin,PERSON,-0.05,0.34,en,5
Taylor Swift,Taylor Swift,PERSON,0.023518518518518515,0.3387037037037037,en,5
Storm Babet,Storm Babet,PERSON,-0.1,0.22666666666666666,en,5
Kyriakos Mitsotakis,Kyriakos Mitsotakis,PERSON,0.1875,0.4325,en,5
Pedro Sanchez,Pedro Sanchez,PERSON,-0.10666666666666669,0.1733333333333333,en,5
Rishi Sunak,Rishi Sunak,PERSON,0.0,0.0,en,4
Maura Healey,Maura Healey,PERSON,0.0,0.05,en,4
Mitch McConnell,Mitch McConnell,PERSON,-0.0125,0.10416666666666667,en,4
Ann Arbor,Ann Arbor,PERSON,0.25416666666666665,0.7291666666666667,en,4
Chris Warren,Chris Warren,PERSON,0.125,0.225,en,4
Emma Stone,Emma Stone,PERSON,-0.2,0.625,en,4
Tom Waits,Tom Waits,PERSON,0.07500000000000001,0.30000000000000004,en,4
Lee restrengthens,Lee restrengthens,PERSON,-0.43340435606060607,0.7492424242424243,en,4
Storm Hilary,Storm Hilary,PERSON,0.02416666666666667,0.058333333333333334,en,4
Bola Tinubu,Bola Tinubu,PERSON,0.07500000000000001,0.25,en,4
Kim Jong Un,Kim Jong Un,PERSON,0.05833333333333335,0.4,en,4
DAVID SHARP,DAVID SHARP,PERSON,-0.08448998917748918,0.5904897186147187,en,4
Hellas Verona,Hellas Verona,PERSON,0.17329861111111114,0.43748842592592585,en,4
Jes Claydon,Jes Claydon,PERSON,-0.022321428571428565,0.15863095238095237,en,4
Corin Hardy,Corin Hardy,PERSON,0.021805555555555557,0.3205555555555556,en,4
Rafael Leao,Rafael Leao,PERSON,0.17329861111111114,0.43748842592592585,en,4
Sara Morris,Sara Morris,PERSON,-0.025,0.2,en,4
Kathy Hochul,Kathy Hochul,PERSON,0.06904040404040404,0.3571717171717172,en,4
Linus Torvalds,Linus Torvalds,PERSON,-0.01145833333333332,0.5166666666666666,en,4
Dipang Orang Asli,Dipang Orang Asli,PERSON,0.05833333333333333,0.5916666666666667,en,3
Peter Holland,Peter Holland,PERSON,-0.06666666666666668,0.3333333333333333,en,3
Newt Gingrich,Newt Gingrich,PERSON,0.1494949494949495,0.3575757575757576,en,3
Cristiano Ronaldo,Cristiano Ronaldo,PERSON,0.47500000000000003,0.5750000000000001,en,3
Will Warbrick,Will Warbrick,PERSON,0.43888888888888894,0.5055555555555555,en,3
Eduardo Leite,Eduardo Leite,PERSON,-0.6666666666666666,0.6666666666666666,en,3
Rand Paul,Rand Paul,PERSON,0.0,0.2777777777777778,en,3
Max Verstappen,Max Verstappen,PERSON,0.10000000000000002,0.3,en,3
Amaranthus fimbriatus,Amaranthus fimbriatus,PERSON,0.11904761904761907,0.4246031746031746,en,3
Greg Mullins,Greg Mullins,PERSON,-0.3499999999999999,0.4000000000000001,en,3
Ethan Allen,Ethan Allen,PERSON,0.0,0.13333333333333333,en,3
Taine Plumtree,Taine Plumtree,PERSON,0.03787878787878787,0.15404040404040406,en,3
Alice Springs,Alice Springs,PERSON,0.09575757575757576,0.2866666666666667,en,3
George Santos,George Santos,PERSON,0.06958473625140292,0.3228956228956229,en,3
Joe Root a World Cup,Joe Root a World Cup,PERSON,0.0,0.0,en,3
Aaran Leyland,Aaran Leyland,PERSON,0.3333333333333333,0.6666666666666666,en,3
Sam Smith,Sam Smith,PERSON,0.0,0.03333333333333333,en,3
Hurricane Margot,Hurricane Margot,PERSON,0.35000000000000003,0.9,en,3
Anne Lopez,Anne Lopez,PERSON,0.038888888888888896,0.41111111111111115,en,3
Frozen II,Frozen II,PERSON,0.16666666666666666,0.2222222222222222,en,3
Flax Typhoon,Flax Typhoon,PERSON,0.13333333333333333,0.16666666666666666,en,3
JULIE WATSON,JULIE WATSON,PERSON,0.16805555555555554,0.5268518518518519,en,3
Humberto Simonaio,Humberto Simonaio,PERSON,-0.1609259259259259,0.5010493827160493,en,3
Floriana Peroni,Floriana Peroni,PERSON,0.027777777777777776,0.1111111111111111,en,3
Clarence Thomas,Clarence Thomas,PERSON,0.1111111111111111,0.15555555555555556,en,3
Kevin McCarthy,Kevin McCarthy,PERSON,-0.17857142857142858,0.8476190476190476,en,3
Tennant Creek,Tennant Creek,PERSON,0.010416666666666666,0.75,en,3
Gunamati Dhami,Gunamati Dhami,PERSON,-0.06666666666666667,0.016666666666666666,en,3
Storm Emily,Storm Emily,PERSON,0.35625,0.5145833333333333,en,3
John Wayne Airport,John Wayne Airport,PERSON,-0.3333333333333333,0.3333333333333333,en,3
Shannon Noll,Shannon Noll,PERSON,0.052525252525252523,0.14545454545454545,en,3
Emmanuel Macron,Emmanuel Macron,PERSON,0.04999999999999999,0.24722222222222223,en,3
Logan Paul,Logan Paul,PERSON,0.2333333333333333,0.3333333333333333,en,3
Dillon Danis,Dillon Danis,PERSON,0.2333333333333333,0.3333333333333333,en,3
Adam Schiff,Adam Schiff,PERSON,-0.1981060606060606,0.42992424242424243,en,3
Robert Kiyosaki,Robert Kiyosaki,PERSON,0.0893939393939394,0.17575757575757578,en,3
Jenny Owen Youngs,Jenny Owen Youngs,PERSON,0.048611111111111105,0.08425925925925926,en,3
Jamie Dimon,Jamie Dimon,PERSON,0.19166666666666665,0.7000000000000001,en,3
Mahatma Gandhi,Mahatma Gandhi,PERSON,0.13636363636363635,0.45454545454545453,en,3
Taylor County,Taylor County,PERSON,-0.2318181818181818,0.6999999999999998,en,3
Srettha Thavisin,Srettha Thavisin,PERSON,-0.06666666666666668,0.43333333333333335,en,3
Antonina Anikina,Antonina Anikina,PERSON,0.39999999999999997,0.6333333333333333,en,3
Carl Frampton,Carl Frampton,PERSON,0.022222222222222223,0.061111111111111116,en,3
Ivan Alvarado,Ivan Alvarado,PERSON,0.10625000000000001,0.5493055555555556,en,3
Boris Johnson,Boris Johnson,PERSON,0.11851851851851852,0.38518518518518513,en,3
Jill Tokuda,Jill Tokuda,PERSON,-0.45555555555555555,0.3888888888888889,en,3
Funke Akindele,Funke Akindele,PERSON,0.07142857142857144,0.15595238095238095,en,3
Mount Ruapehu,Mount Ruapehu,PERSON,0.6999999999999998,0.6000000000000001,en,3
Tim Cook,Tim Cook,PERSON,0.1111111111111111,0.15555555555555553,en,3
Wayne Padgett,Wayne Padgett,PERSON,-0.2318181818181818,0.6999999999999998,en,3
Alex Wilson,Alex Wilson,PERSON,0.5,0.7,en,2
Benjamin Wehrmann,Benjamin Wehrmann,PERSON,-0.1333333333333333,0.64,en,2
William Blair,William Blair,PERSON,0.0,0.0,en,2
Sofia Oliveira,Sofia Oliveira,PERSON,0.1,0.2375,en,2
Stéphane Dujarric,Stéphane Dujarric,PERSON,0.03318452380952381,0.3849702380952381,en,2
Thomas Easton Substack,Thomas Easton Substack,PERSON,0.0,0.0,en,2
Gina Dunmore,Gina Dunmore,PERSON,0.4028409090909091,0.5553030303030303,en,2
Charlie Kirk,Charlie Kirk,PERSON,-0.05303030303030305,0.3252164502164502,en,2
Tom Saunders,Tom Saunders,PERSON,0.15688131313131312,0.6105429292929293,en,2
NAZLET EL-SHARIF,NAZLET EL-SHARIF,PERSON,0.0,0.0,en,2
Samuel Markham,Samuel Markham,PERSON,0.16666666666666666,0.16666666666666666,en,2
Brad Nichol,Brad Nichol,PERSON,0.125,0.16666666666666666,en,2
Holly Davies,Holly Davies,PERSON,-0.25,0.25,en,2
Klaus Härö,Klaus Härö,PERSON,0.0,0.0,en,2
Tanya Plibersek,Tanya Plibersek,PERSON,0.2787878787878788,0.5681818181818181,en,2
Klara Söderberg,Klara Söderberg,PERSON,0.08333333333333333,0.4444444444444444,en,2
Anupam Kher,Anupam Kher,PERSON,0.35,0.35,en,2
Hema Malini,Hema Malini,PERSON,0.35,0.35,en,2
John Wayne,John Wayne,PERSON,0.043055555555555555,0.3236111111111111,en,2
Chuck L,Chuck L,PERSON,0.45,0.7,en,2
Storm Elias,Storm Elias,PERSON,0.0,0.2222222222222222,en,2
Harjot Bains,Harjot Bains,PERSON,-0.2,0.5,en,2
Tyler Le,Tyler Le,PERSON,0.26875,0.5125,en,2
Reed Timmer,Reed Timmer,PERSON,-0.015625,0.8625,en,2
Yom Kippur,Yom Kippur,PERSON,0.06666666666666667,0.3833333333333333,en,2
Ming-Chi Kuo,Ming-Chi Kuo,PERSON,0.0,0.4,en,2
Selva Almada,Selva Almada,PERSON,0.0,0.0,en,2
Ben Duckett,Ben Duckett,PERSON,0.0,0.3333333333333333,en,2
Nikos Falangas,Nikos Falangas,PERSON,0.025,0.175,en,2
Alia Bhatt,Alia Bhatt,PERSON,-0.06944444444444446,0.16111111111111112,en,2
Casey DeSantis,Casey DeSantis,PERSON,0.3229166666666667,0.5208333333333333,en,2
Tim Adams,Tim Adams,PERSON,0.0,0.0,en,2
Ben Stokes,Ben Stokes,PERSON,-0.05965909090909091,0.39488636363636365,en,2
Phil Schneider,Phil Schneider,PERSON,0.375,0.76875,en,2
Ron DeSantis Crises,Ron DeSantis Crises,PERSON,0.13636363636363635,0.45454545454545453,en,2
Louis XV,Louis XV,PERSON,0.0,0.0,en,2
Yunus-bek Yevkurov,Yunus-bek Yevkurov,PERSON,-0.1,0.2,en,2
John Wilson,John Wilson,PERSON,0.0,0.0,en,2
Paula Hernández,Paula Hernández,PERSON,0.0,0.0,en,2
Ahmed Saleh,Ahmed Saleh,PERSON,0.0,0.1875,en,2
Hunter Thompson,Hunter Thompson,PERSON,0.25,0.75,en,2
Vaughn Mullen,Vaughn Mullen,PERSON,0.0,0.0,en,2
Jeff DelViscio,Jeff DelViscio,PERSON,0.16666666666666666,0.25,en,2
Lane Kiffin,Lane Kiffin,PERSON,0.0,0.0,en,2
Mohammad Siraj,Mohammad Siraj,PERSON,0.0625,0.8125,en,2
Fintan McCarthy,Fintan McCarthy,PERSON,0.12321428571428572,0.31666666666666665,en,2
Craig Pingle,Craig Pingle,PERSON,-0.17500000000000002,0.5458333333333334,en,2
Ryan Snoddon,Ryan Snoddon,PERSON,0.12777777777777777,0.6138888888888889,en,2
Ioanna Stamataki,Ioanna Stamataki,PERSON,-0.40625,0.5,en,2
Courtney Lawes,Courtney Lawes,PERSON,0.6,1.0,en,2
Hurricane Lee,Hurricane Lee,PERSON,-0.009999999999999995,0.44416666666666665,en,2
David Parkinson,David Parkinson,PERSON,0.5,0.9,en,2
Sam Howell,Sam Howell,PERSON,0.020833333333333336,0.125,en,2
Koji Fujii,Koji Fujii,PERSON,0.05000000000000001,0.5,en,2
Aphty Khéa,Aphty Khéa,PERSON,0.0,0.0,en,2
Gabriel Gifford,Gabriel Gifford,PERSON,0.0,0.0,en,2
Maxwell Frost,Maxwell Frost,PERSON,0.24375,0.96875,en,2
Roger Stone,Roger Stone,PERSON,0.0,0.0,en,2
Mark Milley,Mark Milley,PERSON,0.061250000000000006,0.1775,en,2
Javier Milei,Javier Milei,PERSON,0.14166666666666666,0.48333333333333334,en,2
TERRY SPENCER,TERRY SPENCER,PERSON,-0.041666666666666664,0.06666666666666667,en,2
Ava Max - Sweet,Ava Max - Sweet,PERSON,0.35,0.65,en,2
Thong Thani,Thong Thani,PERSON,0.0,0.0,en,2
Dmitry Kuleba,Dmitry Kuleba,PERSON,0.24166666666666667,0.39166666666666666,en,2
Greg Abbott,Greg Abbott,PERSON,-0.09375,0.30625,en,2
Mateusz Morawiecki,Mateusz Morawiecki,PERSON,0.08124999999999999,0.45625000000000004,en,2
Ethan de Groot,Ethan de Groot,PERSON,0.012727272727272736,0.4490909090909091,en,2
Lynyrd Skynyrd,Lynyrd Skynyrd,PERSON,0.01,0.2557142857142857,en,2
Papa Roach,Papa Roach,PERSON,0.01,0.2557142857142857,en,2
TS Margot,TS Margot,PERSON,0.14990530303030303,0.3212121212121212,en,2
Muktesh Pardeshi,Muktesh Pardeshi,PERSON,0.22463474025974026,0.429586038961039,en,2
Janet Mills,Janet Mills,PERSON,-0.09715909090909092,0.5511363636363636,en,2
Bill Willingham,Bill Willingham,PERSON,0.041666666666666664,0.1388888888888889,en,2
Jasmine Thompson]04,Jasmine Thompson]04,PERSON,0.0,0.0,en,2
Jasmine Thompson - Sun,Jasmine Thompson - Sun,PERSON,-0.15555555555555559,0.2888888888888889,en,2
Robin Schulz,Robin Schulz,PERSON,-0.15555555555555559,0.2888888888888889,en,2
David Guetta,David Guetta,PERSON,0.0,0.0,en,2
Cristoffer Guldbrandsen,Cristoffer Guldbrandsen,PERSON,0.0,0.0,en,2
Michele Currie Navakas,Michele Currie Navakas,PERSON,0.2125,0.3875,en,2
Collina Strada,Collina Strada,PERSON,0.13636363636363635,0.45454545454545453,en,2
Brandon Johnson,Brandon Johnson,PERSON,0.20833333333333331,0.5040509259259259,en,2
Abdulrahim Hewaidi,Abdulrahim Hewaidi,PERSON,0.0,0.0,en,2
Raphaëlle Tousignant,Raphaëlle Tousignant,PERSON,0.0,0.0,en,2
John Deaton,John Deaton,PERSON,-1.3877787807814457e-17,0.6,en,2
Hafsteinn Karlsson,Hafsteinn Karlsson,PERSON,0.1875,0.375,en,2
George Clooney,George Clooney,PERSON,-0.038888888888888896,0.07222222222222223,en,2
Amal Clooney,Amal Clooney,PERSON,-0.038888888888888896,0.07222222222222223,en,2
Chris Begley,Chris Begley,PERSON,-0.05,0.1,en,2
Rob Rogers,Rob Rogers,PERSON,0.013636363636363636,0.11212121212121211,en,2
Noura Khalifa Adam,Noura Khalifa Adam,PERSON,-0.03333333333333334,0.26666666666666666,en,2
Eve Play,Eve Play,PERSON,0.14935064935064934,0.4859307359307359,en,2
Mike Rogerson,Mike Rogerson,PERSON,0.1,0.3,en,2
Belkasem Alkaryani,Belkasem Alkaryani,PERSON,0.1,0.3,en,2
Mahjoor Lone,Mahjoor Lone,PERSON,0.1,0.3,en,2
ADELANI ADEPEGBA,ADELANI ADEPEGBA,PERSON,-0.03333333333333333,0.20833333333333334,en,2
Melissa Kearney,Melissa Kearney,PERSON,0.30227272727272725,0.5284090909090909,en,2
Rio de Janeiro neighbuorhood,Rio de Janeiro neighbuorhood,PERSON,-0.15625,0.5625,en,2
Luis Cassiano,Luis Cassiano,PERSON,-0.15625,0.5625,en,2
Aisha al-Imam,Aisha al-Imam,PERSON,-1.0,1.0,en,2
Sinn Féin,Sinn Féin,PERSON,0.3,0.5,en,2
Hurricane Nigel,Hurricane Nigel,PERSON,-0.02,0.8200000000000001,en,2
Deborah Abiodun,Deborah Abiodun,PERSON,0.15625,0.29166666666666663,en,2
Scor Re,Scor Re,PERSON,0.0,0.0,en,2
My Hair Is A Rat’s Nest,My Hair Is A Rat’s Nest,PERSON,0.04166666666666666,0.4166666666666667,en,2
Ethan Allen Interiors Inc,Ethan Allen Interiors Inc,PERSON,0.0,0.15,en,2
Hardeep Singh Najjar,Hardeep Singh Najjar,PERSON,0.0,0.0,en,2
Enoch Godongwana,Enoch Godongwana,PERSON,0.0125,0.08333333333333333,en,2
Abdulmenam Al-Ghaithi,Abdulmenam Al-Ghaithi,PERSON,0.0,0.0,en,2
JOHN ANTCZAK,JOHN ANTCZAK,PERSON,0.10208333333333333,0.29027777777777775,en,2
Stephanie Abrams,Stephanie Abrams,PERSON,0.5,0.9,en,2
Anita Passalis,Anita Passalis,PERSON,-0.09999999999999999,0.3333333333333333,en,2
Storm Haikui,Storm Haikui,PERSON,0.025,0.1,en,2
Ricaurte Vásquez Morales,Ricaurte Vásquez Morales,PERSON,-0.027777777777777776,0.46111111111111114,en,2
Tarundeep Rai,Tarundeep Rai,PERSON,0.16363636363636364,0.4927272727272727,en,2
Jill Biden,Jill Biden,PERSON,-0.09375,0.5208333333333333,en,2
Yehuda Levi,Yehuda Levi,PERSON,-0.4,0.25,en,2
Mustapha Ahmed,Mustapha Ahmed,PERSON,0.05000000000000002,0.5,en,2
Moeen Ali,Moeen Ali,PERSON,-0.22666666666666666,0.24666666666666667,en,2
Connie Meyer-Ping,Connie Meyer-Ping,PERSON,0.15606060606060607,0.5666666666666667,en,2
Antoine Dupont,Antoine Dupont,PERSON,0.0,0.0,en,2
Ritchie Torres,Ritchie Torres,PERSON,-0.1,0.6,en,2
Tom Emmer,Tom Emmer,PERSON,-0.1,0.6,en,2
Mike Flood,Mike Flood,PERSON,-0.1,0.6,en,2
Nicolas Sarkozy,Nicolas Sarkozy,PERSON,0.11666666666666665,0.18333333333333335,en,2
Bernardo Arévalo,Bernardo Arévalo,PERSON,0.0,0.06666666666666667,en,2
Alan Martin,Alan Martin,PERSON,0.020833333333333332,0.04305555555555555,en,2
Nicolas Economou,Nicolas Economou,PERSON,0.2,0.4,en,2
Devon Conway,Devon Conway,PERSON,-0.10545454545454547,0.3418181818181818,en,2
Dianne Feinstein,Dianne Feinstein,PERSON,0.004377104377104359,0.43434343434343436,en,2
Fort Bill,Fort Bill,PERSON,0.46111111111111114,0.5722222222222222,en,2
typhoon Doksuri,typhoon Doksuri,PERSON,-0.10416666666666669,0.3625,en,2
Alexander Khodakovsky,Alexander Khodakovsky,PERSON,-0.05000000000000001,0.2833333333333333,en,2
Michael Snyder,Michael Snyder,PERSON,0.07829545454545456,0.4325,en,2
Mother Nature,Mother Nature,PERSON,0.087012987012987,0.5948051948051948,en,2
Mana Ranjan Josse,Mana Ranjan Josse,PERSON,0.0,0.0,en,2
Richard Olsten,Richard Olsten,PERSON,-0.1625,0.3875,en,2
Wad Madani,Wad Madani,PERSON,0.1875,0.575,en,2
Catherine Yang,Catherine Yang,PERSON,-0.2454545454545455,0.4818181818181818,en,2
Amna Nawaz,Amna Nawaz,PERSON,0.13857142857142857,0.6085714285714285,en,2
Tim Woollings,Tim Woollings,PERSON,0.01666666666666667,0.23125,en,2
Luigi Palmieri,Luigi Palmieri,PERSON,-0.125,0.125,en,2
Getty Images,Getty Images,PERSON,0.25,0.7,en,2
Adam Cochran,Adam Cochran,PERSON,-0.16666666666666666,0.4583333333333333,en,2
Mykhailo Mudryk,Mykhailo Mudryk,PERSON,0.15,0.4958333333333333,en,2
Geoelectromagnetic Hazards,Geoelectromagnetic Hazards,PERSON,0.0,0.0,en,2
Herbert Park,Herbert Park,PERSON,0.0,0.05,en,2
SANTA MARIA DI CASTELLABATE,SANTA MARIA DI CASTELLABATE,PERSON,0.25,0.45,en,2
Ralph McLean Show,Ralph McLean Show,PERSON,0.4666666666666666,0.4000000000000001,en,2
Pope Francis,Pope Francis,PERSON,0.0,0.15,en,2
Abdulsalam al-Kadi,Abdulsalam al-Kadi,PERSON,0.19000000000000003,0.4144444444444444,en,2
Sinéad O’Connor,Sinéad O’Connor,PERSON,0.4666666666666666,0.4000000000000001,en,2
Robert Golob,Robert Golob,PERSON,-0.06250000000000003,0.5416666666666666,en,2
Bing Lee,Bing Lee,PERSON,0.0875,0.08750000000000001,en,2
Dipika Pallikal,Dipika Pallikal,PERSON,0.0,0.3125,en,2
Jeff Goodell,Jeff Goodell,PERSON,-0.019276094276094283,0.17154882154882156,en,2
Larry Fink,Larry Fink,PERSON,0.0078125,0.2875,en,2
Typhoon Talim,Typhoon Talim,PERSON,0.0,0.125,en,2
Sam Bankman-Fried,Sam Bankman-Fried,PERSON,-0.05,0.0,en,2
Miao Chunyou,Miao Chunyou,PERSON,0.0,0.0,en,2
Francis Suarez,Francis Suarez,PERSON,-0.3333333333333333,0.5,en,2
JOSEPHINE OGUNDEJI,JOSEPHINE OGUNDEJI,PERSON,0.030000000000000006,0.39,en,2
Gavin Stuckey,Gavin Stuckey,PERSON,0.1125,0.3177083333333333,en,2
ANDRE BOKOS,ANDRE BOKOS,PERSON,0.06666666666666667,0.20000000000000004,en,2
MW Mažeikiai,MW Mažeikiai,PERSON,0.0,0.0,en,2
Armando Broja,Armando Broja,PERSON,0.15,0.4958333333333333,en,2
Charlie Hatton,Charlie Hatton,PERSON,0.13541666666666666,0.8638888888888889,en,2
Sophie Nelisse,Sophie Nelisse,PERSON,-0.075,0.38333333333333336,en,2
Sushma Shrestha,Sushma Shrestha,PERSON,0.0,0.0,en,2
Tom Cotton,Tom Cotton,PERSON,-0.45,0.45,en,2
Janice Hahn,Janice Hahn,PERSON,-0.006249999999999999,0.5125,en,2
Ferdinand Marcos Jr,Ferdinand Marcos Jr,PERSON,0.0,0.0,en,2
Rudy Giuliani,Rudy Giuliani,PERSON,0.0,0.0,en,2
Bayo Lawal,Bayo Lawal,PERSON,0.030000000000000006,0.39,en,2
Brandon Buckingham,Brandon Buckingham,PERSON,0.1,0.1,en,2
Cyclone Hamoon,Cyclone Hamoon,PERSON,0.0,0.0,en,2
Justin Trudeau,Justin Trudeau,PERSON,0.125,0.1875,en,2
Dianne Feinstein Dead,Dianne Feinstein Dead,PERSON,-0.05,0.5,en,2
Sukhbir Singh Badal,Sukhbir Singh Badal,PERSON,0.0,0.125,en,2
Jonathan Drouin,Jonathan Drouin,PERSON,1.0,0.65,en,2
Rachel Lipson,Rachel Lipson,PERSON,0.3125,0.375,en,2
Bob Schwartz,Bob Schwartz,PERSON,0.3125,0.375,en,2
Evan Gershkovich,Evan Gershkovich,PERSON,-0.19999999999999998,0.2285714285714286,en,2
Yahaya Bello,Yahaya Bello,PERSON,0.05,0.05,en,2
Mark Vogel,Mark Vogel,PERSON,0.20227272727272727,0.26590909090909093,en,2
Hun Manet,Hun Manet,PERSON,0.2787878787878788,0.5515151515151515,en,2
Ebrahim Raeisi,Ebrahim Raeisi,PERSON,0.0,0.125,en,2
Nick Lyon,Nick Lyon,PERSON,-0.11851851851851854,0.12962962962962965,en,2
Mohammed Elian,Mohammed Elian,PERSON,0.3230113636363636,0.6860795454545454,en,2
Mark Telea,Mark Telea,PERSON,0.13636363636363635,0.45454545454545453,en,2
Mary Fowler,Mary Fowler,PERSON,-0.004166666666666666,0.16666666666666669,en,2
Jens Stoltenberg,Jens Stoltenberg,PERSON,0.06249999999999999,0.4166666666666667,en,2
Hayley Raso,Hayley Raso,PERSON,-0.004166666666666666,0.16666666666666669,en,2
Anthony Watts,Anthony Watts,PERSON,0.32916666666666666,0.3041666666666667,en,2
Barry Sternlicht,Barry Sternlicht,PERSON,0.0625,0.41250000000000003,en,2
Gavin Newsom,Gavin Newsom,PERSON,0.0,0.0,en,2
Atmaja Gohain Baruah,Atmaja Gohain Baruah,PERSON,-0.2625,0.49583333333333335,en,2
Willis Eschenbach,Willis Eschenbach,PERSON,0.19,0.3966666666666666,en,2
Hun Sen,Hun Sen,PERSON,0.20757575757575758,0.503030303030303,en,2
Jerome Powell,Jerome Powell,PERSON,-0.09166666666666667,0.37083333333333335,en,2
St George Illawarra,St George Illawarra,PERSON,0.16875,0.20416666666666666,en,2
Storm Gert,Storm Gert,PERSON,-0.04687499999999999,0.328125,en,2
Kevin Avitabile,Kevin Avitabile,PERSON,0.5,0.18333333333333332,en,1
Lahar Singh Siroya,Lahar Singh Siroya,PERSON,0.0,0.0,en,1
Nigel Spaghetti,Nigel Spaghetti,PERSON,0.0,0.0,en,1
New Englan,New Englan,PERSON,0.24992424242424244,0.6394696969696969,en,1
Wilson Lima,Wilson Lima,PERSON,0.0,0.0,en,1
Lee Lands,Lee Lands,PERSON,0.0,0.0,en,1
Steve Miller,Steve Miller,PERSON,0.8,1.0,en,1
Lee Slams,Lee Slams,PERSON,0.3,0.9,en,1
Michael Mann,Michael Mann,PERSON,0.10606060606060606,0.4465909090909091,en,1
Miami Universi,Miami Universi,PERSON,0.175,0.275,en,1
Lee Graphics,Lee Graphics,PERSON,0.0,0.0,en,1
Palm Trees,Palm Trees,PERSON,-0.125,1.0,en,1
Montse Tome,Montse Tome,PERSON,0.15404040404040403,0.38383838383838387,en,1
Ian Foster,Ian Foster,PERSON,0.13636363636363635,0.45454545454545453,en,1
Miguel Monteiro,Miguel Monteiro,PERSON,-0.3,0.4,en,1
Sri Lank,Sri Lank,PERSON,0.0,1.0,en,1
Akhere Unuabona,Akhere Unuabona,PERSON,0.16,0.5399999999999999,en,1
Anna Foster,Anna Foster,PERSON,-0.15555555555555559,0.2888888888888889,en,1
Jann Wenner,Jann Wenner,PERSON,0.0,0.1,en,1
Ken Paxton,Ken Paxton,PERSON,0.0,0.1,en,1
Drew Barrymore,Drew Barrymore,PERSON,0.0,0.1,en,1
Kristen Welker,Kristen Welker,PERSON,0.0,0.1,en,1
Christopher Schwalm,Christopher Schwalm,PERSON,0.0,0.0,en,1
Vinicius Peripato,Vinicius Peripato,PERSON,0.018181818181818174,0.32727272727272727,en,1
a Hail Mary,a Hail Mary,PERSON,0.16666666666666666,0.35555555555555557,en,1
Oleksii Reznikov,Oleksii Reznikov,PERSON,-0.06666666666666667,0.5333333333333333,en,1
Lameck Masina,Lameck Masina,PERSON,0.2785714285714286,0.49464285714285716,en,1
Jon Finer,Jon Finer,PERSON,0.0,0.0,en,1
Brandon J,Brandon J,PERSON,0.0,0.0,en,1
Tree Hut,Tree Hut,PERSON,0.0,0.0,en,1
[allAfrica] Harare,[allAfrica] Harare,PERSON,-0.25,0.2,en,1
Sebnem Coskun,Sebnem Coskun,PERSON,-0.05,0.2,en,1
MK Stalin,MK Stalin,PERSON,0.0,0.0,en,1
Al Jazeerareports,Al Jazeerareports,PERSON,-0.25,0.2,en,1
Dapo Ak,Dapo Ak,PERSON,0.8,0.9,en,1
Karina Atkins,Karina Atkins,PERSON,0.05,0.15,en,1
Denys Davydov,Denys Davydov,PERSON,-0.1,0.25,en,1
Cyclone Tej To Transform Into Severe Cyclonic Storm,Cyclone Tej To Transform Into Severe Cyclonic Storm,PERSON,0.0,0.0,en,1
Tammy Threatens,Tammy Threatens,PERSON,0.05,0.45,en,1
Echuca shire,Echuca shire,PERSON,0.0,0.0,en,1
Tom Balmforth,Tom Balmforth,PERSON,0.08333333333333334,0.35833333333333334,en,1
Alang Bah Aun­yang,Alang Bah Aun­yang,PERSON,-0.6,1.0,en,1
nan Hurricane Norma,nan Hurricane Norma,PERSON,0.05,0.2,en,1
Alang Bah Aunyang,Alang Bah Aunyang,PERSON,-0.125,0.775,en,1
KHAN YOUNIS,KHAN YOUNIS,PERSON,0.2778409090909091,0.6698863636363636,en,1
Ayaz Gul,Ayaz Gul,PERSON,-0.1,0.2,en,1
Son Thiago,Son Thiago,PERSON,0.4000000000000001,0.9,en,1
David Beckham,David Beckham,PERSON,0.0,0.0,en,1
David Beckhams,David Beckhams,PERSON,0.0,0.0,en,1
Daniel DERNA,Daniel DERNA,PERSON,-0.06666666666666667,0.5333333333333333,en,1
Haley Lawrence,Haley Lawrence,PERSON,0.0,0.0,en,1
Cameron Munster,Cameron Munster,PERSON,0.5666666666666668,0.7666666666666666,en,1
Ricardo Pires,Ricardo Pires,PERSON,0.0,0.0,en,1
Secratery Gen,Secratery Gen,PERSON,0.0,0.3666666666666667,en,1
GODFREY GEORGE wr,GODFREY GEORGE wr,PERSON,0.0,0.0,en,1
Chicamacomico Banks,Chicamacomico Banks,PERSON,0.0,0.0,en,1
Azhar Ehsan,Azhar Ehsan,PERSON,0.2708333333333333,0.65,en,1
Haleema Rajab,Haleema Rajab,PERSON,0.0,0.0,en,1
Nova Scot,Nova Scot,PERSON,0.1787878787878788,0.5848484848484848,en,1
JACK JEFFERY,JACK JEFFERY,PERSON,0.21200000000000002,0.413,en,1
Shelee Kimura,Shelee Kimura,PERSON,0.0,0.06666666666666667,en,1
OLIVER JJ,OLIVER JJ,PERSON,0.11111111111111112,0.3111111111111111,en,1
Cyclone Tej,Cyclone Tej,PERSON,0.0,0.0,en,1
Tammy Hits,Tammy Hits,PERSON,0.05,0.45,en,1
Amanda Kaufman,Amanda Kaufman,PERSON,0.0,0.0,en,1
Mexico Norma,Mexico Norma,PERSON,-0.025,0.1,en,1
Gail Wallin,Gail Wallin,PERSON,0.0,0.0,en,1
Mitt Romney,Mitt Romney,PERSON,0.03333333333333333,0.06666666666666667,en,1
Justin Roiland,Justin Roiland,PERSON,0.03333333333333333,0.06666666666666667,en,1
Percy Hynes White,Percy Hynes White,PERSON,-0.1,0.2,en,1
Rebel Moon,Rebel Moon,PERSON,-0.1,0.2,en,1
Sky Yang,Sky Yang,PERSON,-0.1,0.2,en,1
Kristine Bonneau,Kristine Bonneau,PERSON,0.0,0.0,en,1
Mohammad Tawfiq Fushanji,Mohammad Tawfiq Fushanji,PERSON,0.0,0.5,en,1
Paul Smyth,Paul Smyth,PERSON,0.0,0.0,en,1
bill willingham,bill willingham,PERSON,0.0,0.23166666666666663,en,1
Jack Frost,Jack Frost,PERSON,0.0,0.23166666666666663,en,1
Michael O’Neill Paul Smyth,Michael O’Neill Paul Smyth,PERSON,0.20357142857142857,0.4238095238095238,en,1
Michael ONeills,Michael ONeills,PERSON,0.20357142857142857,0.4238095238095238,en,1
Snow White,Snow White,PERSON,0.0,0.23166666666666663,en,1
Hossein Amir-Abdollahian,Hossein Amir-Abdollahian,PERSON,0.033333333333333326,0.26666666666666666,en,1
Gio Reyna,Gio Reyna,PERSON,-0.08333333333333333,0.18333333333333335,en,1
Nooria Kamran,Nooria Kamran,PERSON,0.0,0.5222222222222223,en,1
Claire Harba,Claire Harba,PERSON,0.0,0.0,en,1
Jenny Hagan,Jenny Hagan,PERSON,-0.056249999999999994,0.44375,en,1
Donie O’Sullivan,Donie O’Sullivan,PERSON,0.09444444444444446,0.2833333333333334,en,1
Jon Breed,Jon Breed,PERSON,0.0,0.25,en,1
Kiwi Olympian,Kiwi Olympian,PERSON,0.0,0.0,en,1
Corin Hardy’s,Corin Hardy’s,PERSON,-0.175,0.4,en,1
Damien McKenzie,Damien McKenzie,PERSON,-0.3068181818181818,0.7272727272727273,en,1
Brian Fung,Brian Fung,PERSON,0.09444444444444446,0.2833333333333334,en,1
Manu Fernandez,Manu Fernandez,PERSON,-0.1,0.1,en,1
Zabihullah Mujahid,Zabihullah Mujahid,PERSON,0.0,0.25,en,1
Chris Houser,Chris Houser,PERSON,0.0,0.0,en,1
Corin Hardy & Black Bear,Corin Hardy & Black Bear,PERSON,-0.002222222222222218,0.3244444444444444,en,1
Alan Charlish,Alan Charlish,PERSON,0.3,0.5,en,1
Julia Payne,Julia Payne,PERSON,0.3,0.5,en,1
Dawn Brantley,Dawn Brantley,PERSON,0.0,0.0,en,1
Kim Driscoll,Kim Driscoll,PERSON,0.0,0.0,en,1
David Robert,David Robert,PERSON,0.10742424242424242,0.48196969696969694,en,1
John Bazemore,John Bazemore,PERSON,0.0,0.0,en,1
Lee Heads,Lee Heads,PERSON,0.13636363636363635,0.45454545454545453,en,1
PATRICK WHITTLE,PATRICK WHITTLE,PERSON,0.005681818181818177,0.6022727272727273,en,1
Kristine Bonneaus Paine Road,Kristine Bonneaus Paine Road,PERSON,0.0,0.0,en,1
Walter Meier,Walter Meier,PERSON,0.02,0.43999999999999995,en,1
Susan Guth,Susan Guth,PERSON,0.0,0.0,en,1
Abdulmonem al-Ghaithi,Abdulmonem al-Ghaithi,PERSON,0.0,0.0,en,1
Storm Philippe,Storm Philippe,PERSON,0.0,0.0,en,1
Israelby Alex McDonald,Israelby Alex McDonald,PERSON,0.0,0.0,en,1
Sam Peppe,Sam Peppe,PERSON,0.0,0.0,en,1
Samantha Maldonado,Samantha Maldonado,PERSON,0.0,0.0,en,1
Katie Honan,Katie Honan,PERSON,0.0,0.0,en,1
Bernardo Arev,Bernardo Arev,PERSON,0.0,0.06666666666666667,en,1
Sofia Menchu,Sofia Menchu,PERSON,0.0,0.06666666666666667,en,1
Jerry Lorenz,Jerry Lorenz,PERSON,0.0,0.0,en,1
Agustin Marcarian,Agustin Marcarian,PERSON,0.0,0.0,en,1
Richard Falk,Richard Falk,PERSON,-0.041666666666666664,0.15833333333333333,en,1
Michael Dwyer,Michael Dwyer,PERSON,0.0,0.0,en,1
Karan Johar,Karan Johar,PERSON,0.05,0.05,en,1
Vasan Bala,Vasan Bala,PERSON,0.0,0.0,en,1
Marco Simone Golf,Marco Simone Golf,PERSON,0.13636363636363635,0.5,en,1
amrit sanjeevani,amrit sanjeevani,PERSON,0.13636363636363635,0.45454545454545453,en,1
Ajay Kumar Singh,Ajay Kumar Singh,PERSON,0.13636363636363635,0.45454545454545453,en,1
Modak Sagar,Modak Sagar,PERSON,0.0,0.0,en,1
Khalifa Haftar,Khalifa Haftar,PERSON,-0.1,0.2,en,1
Falco Kuester,Falco Kuester,PERSON,0.0,0.0,en,1
Linda Chamberlain,Linda Chamberlain,PERSON,0.0,0.0,en,1
Walt Disney,Walt Disney,PERSON,0.35,0.65,en,1
Ilham Chabi,Ilham Chabi,PERSON,0.0,0.0,en,1
Chinchwad rece,Chinchwad rece,PERSON,-0.1,0.25,en,1
Pavel Verkhniatskyi,Pavel Verkhniatskyi,PERSON,-0.025,0.7,en,1
Dín Medina Torres,Dín Medina Torres,PERSON,0.4,0.475,en,1
Kelly Cass,Kelly Cass,PERSON,0.5,0.5,en,1
Ophelia Lands,Ophelia Lands,PERSON,0.0,0.0,en,1
Tropical Storm Ophelia,Tropical Storm Ophelia,PERSON,-0.2,0.6,en,1
Ophelia Strengthens,Ophelia Strengthens,PERSON,0.21428571428571427,0.42857142857142855,en,1
Mauricio Pochett,Mauricio Pochett,PERSON,0.15,0.4958333333333333,en,1
Abdoulaye Bathily,Abdoulaye Bathily,PERSON,-0.06696428571428571,0.43660714285714286,en,1
Ilham Aliyev,Ilham Aliyev,PERSON,0.0,0.03333333333333333,en,1
Storm Dani,Storm Dani,PERSON,0.033333333333333326,0.3166666666666667,en,1
Scottie Scheffler,Scottie Scheffler,PERSON,0.0,0.5,en,1
Jose Leal,Jose Leal,PERSON,0.125,0.26666666666666666,en,1
John Lamparski,John Lamparski,PERSON,-0.075,0.525,en,1
Klaus Haro Shines Light on Deportation of Jews,Klaus Haro Shines Light on Deportation of Jews,PERSON,0.325,0.5166666666666666,en,1
Barry Sternl,Barry Sternl,PERSON,-0.075,0.525,en,1
LaGuardia al,LaGuardia al,PERSON,0.0,0.0,en,1
Fujiwhara Effect,Fujiwhara Effect,PERSON,0.0,0.0,en,1
Jens Laerke,Jens Laerke,PERSON,0.15,0.6277777777777778,en,1
Fatih Aktas,Fatih Aktas,PERSON,0.0,0.0,en,1
Baby Muhammads,Baby Muhammads,PERSON,0.0,0.0,en,1
Abubaker Almortadha al-Jazwi,Abubaker Almortadha al-Jazwi,PERSON,-0.04999999999999999,0.46249999999999997,en,1
Jack Harlow,Jack Harlow,PERSON,0.021645021645021644,0.22294372294372292,en,1
Victor Arana,Victor Arana,PERSON,0.125,0.26666666666666666,en,1
Geordin Hill-Lewis,Geordin Hill-Lewis,PERSON,-0.19583333333333333,0.6833333333333332,en,1
Cape Town,Cape Town,PERSON,-0.19583333333333333,0.6833333333333332,en,1
The Ridi-Rudrabeni,The Ridi-Rudrabeni,PERSON,-0.0875,0.22916666666666669,en,1
Byard Duncan,Byard Duncan,PERSON,0.0909090909090909,0.30303030303030304,en,1
Infra Storm,Infra Storm,PERSON,0.13106060606060607,0.4174242424242424,en,1
Argenes Cedeño,Argenes Cedeño,PERSON,0.125,0.26666666666666666,en,1
Patrick Lohmann,Patrick Lohmann,PERSON,0.0909090909090909,0.30303030303030304,en,1
Turbulent Timeways,Turbulent Timeways,PERSON,0.06818181818181818,0.22727272727272727,en,1
Tsvetana Paraskova - Sep 27,Tsvetana Paraskova - Sep 27,PERSON,0.06666666666666667,0.35000000000000003,en,1
LaGuardia ai,LaGuardia ai,PERSON,0.0,0.0,en,1
Laura Mclaughlin,Laura Mclaughlin,PERSON,0.0,0.0,en,1
Barry McGuigan,Barry McGuigan,PERSON,0.06666666666666667,0.08333333333333333,en,1
Storm Agnes,Storm Agnes,PERSON,0.0,0.0,en,1
Mt Ruapehu,Mt Ruapehu,PERSON,0.0,0.0,en,1
Mahendra Singh Dhoni,Mahendra Singh Dhoni,PERSON,0.03125,0.2833333333333333,en,1
Viktor Hovland,Viktor Hovland,PERSON,0.0,0.5,en,1
Lars Holger Pilø,Lars Holger Pilø,PERSON,0.0,0.0,en,1
Ludvig Aberg,Ludvig Aberg,PERSON,0.0,0.5,en,1
Ryder Cup,Ryder Cup,PERSON,0.0,0.5,en,1
Nguyen Van Can,Nguyen Van Can,PERSON,-0.05,0.4,en,1
Janay Reece,Janay Reece,PERSON,0.0,0.0,en,1
Karl Braganza,Karl Braganza,PERSON,0.05,0.15,en,1
tru deau,tru deau,PERSON,0.0,0.0,en,1
Terry Wyatt,Terry Wyatt,PERSON,0.0,0.0,en,1
Phil Murphy,Phil Murphy,PERSON,0.0,0.0,en,1
Philippe Storm Path Raises Concern,Philippe Storm Path Raises Concern,PERSON,-0.6,0.9,en,1
Friday ResearchBuzz,Friday ResearchBuzz,PERSON,0.5,0.5,en,1
Xanthe Gregory,Xanthe Gregory,PERSON,0.054924242424242424,0.5761363636363637,en,1
Nigel Spinning,Nigel Spinning,PERSON,0.015178571428571423,0.5026785714285714,en,1
the Abu Mansour,the Abu Mansour,PERSON,0.2,0.6,en,1
Cape Fear,Cape Fear,PERSON,-0.1,0.1,en,1
PM Dahal,PM Dahal,PERSON,0.0,0.0,en,1
Lhonak Lake,Lhonak Lake,PERSON,-0.25,0.41666666666666663,en,1
Joe Roots,Joe Roots,PERSON,-0.11499999999999999,0.6016666666666667,en,1
Marissa Childs,Marissa Childs,PERSON,0.0875,0.36250000000000004,en,1
Jarome Luai,Jarome Luai,PERSON,-0.2,0.4,en,1
Glenn Martens,Glenn Martens,PERSON,0.11481481481481481,0.2962962962962963,en,1
Tom Cooper,Tom Cooper,PERSON,0.0,0.0,en,1
Jason Kempin,Jason Kempin,PERSON,0.0,0.0,en,1
Stefani Reynolds,Stefani Reynolds,PERSON,0.0,0.0,en,1
Kevork Djansezian,Kevork Djansezian,PERSON,0.0,0.0,en,1
Frazer Harrison,Frazer Harrison,PERSON,0.0,0.0,en,1
Agence Fran,Agence Fran,PERSON,0.0,0.0,en,1
Reid Standish,Reid Standish,PERSON,0.0,0.0,en,1
Erika Goldring,Erika Goldring,PERSON,0.0,0.0,en,1
Jackie Lay,Jackie Lay,PERSON,0.0,0.0,en,1
DAVID BLACKMON,DAVID BLACKMON,PERSON,-0.4,0.6,en,1
Allison Russell,Allison Russell,PERSON,0.2,0.1,en,1
Mohammad Abdullah,Mohammad Abdullah,PERSON,0.0,0.0,en,1
Sikuomys mikros,Sikuomys mikros,PERSON,0.0,0.5,en,1
Sonja BehnkeReal,Sonja BehnkeReal,PERSON,0.10000000000000002,0.3833333333333333,en,1
Halil Fidan,Halil Fidan,PERSON,-0.0062500000000000056,0.78125,en,1
Chia-Ying Lee,Chia-Ying Lee,PERSON,0.0,0.0625,en,1
Kate Yoder,Kate Yoder,PERSON,0.0,0.0,en,1
Tamati Smith,Tamati Smith,PERSON,0.16666666666666666,0.16666666666666666,en,1
Stormy Gorge,Stormy Gorge,PERSON,0.2857142857142857,0.5357142857142857,en,1
Clodagh Kilcoyne,Clodagh Kilcoyne,PERSON,0.0,0.4666666666666666,en,1
Dipesh Chaudhary,Dipesh Chaudhary,PERSON,0.0,0.0,en,1
Daniel Gumbiner,Daniel Gumbiner,PERSON,0.0,0.0,en,1
Rita Issa,Rita Issa,PERSON,0.057272727272727274,0.6209090909090909,en,1
Pragyan rover,Pragyan rover,PERSON,0.0,0.0,en,1
Felicity Bradstock - Sep 22,Felicity Bradstock - Sep 22,PERSON,-0.16666666666666666,0.4666666666666666,en,1
Adelle Thomas,Adelle Thomas,PERSON,0.057272727272727274,0.6209090909090909,en,1
Ali al-Mismari,Ali al-Mismari,PERSON,0.0,0.625,en,1
Noora Firaq,Noora Firaq,PERSON,0.057272727272727274,0.6209090909090909,en,1
Hurricane Fiona,Hurricane Fiona,PERSON,0.0,0.0,en,1
Salaheddin Almorjini,Salaheddin Almorjini,PERSON,0.05,0.15,en,1
Arthur Wyns,Arthur Wyns,PERSON,0.057272727272727274,0.6209090909090909,en,1
Heather Murdock,Heather Murdock,PERSON,0.05,0.15,en,1
Banja Luka,Banja Luka,PERSON,0.0,0.0,en,1
Bottle Dancers,Bottle Dancers,PERSON,-0.125,0.6166666666666667,en,1
Jeenah Moon,Jeenah Moon,PERSON,0.7,0.6000000000000001,en,1
Johannes Arendse,Johannes Arendse,PERSON,-0.015000000000000003,0.3175,en,1
Francisco Negroni,Francisco Negroni,PERSON,0.25,0.25,en,1
Hiroyuki Ogawa,Hiroyuki Ogawa,PERSON,0.0,0.0,en,1
Lee Ka Yi,Lee Ka Yi,PERSON,0.0,0.0,en,1
Wong Chi,Wong Chi,PERSON,0.0,0.0,en,1
AL BAYDA,AL BAYDA,PERSON,-0.03333333333333334,0.26666666666666666,en,1
Hamza Turkia,Hamza Turkia,PERSON,0.0,0.0,en,1
Bryan Norcross,Bryan Norcross,PERSON,0.25,0.5,en,1
Vivek Ramaswamy,Vivek Ramaswamy,PERSON,0.0,0.0,en,1
Surrey CCC,Surrey CCC,PERSON,-0.13333333333333333,0.3333333333333333,en,1
Harinder Pal Singh Sandhu,Harinder Pal Singh Sandhu,PERSON,0.0,0.0,en,1
Harinder Pal,Harinder Pal,PERSON,0.0,0.625,en,1
Singh Sandhu,Singh Sandhu,PERSON,0.0,0.625,en,1
Cam Lewis,Cam Lewis,PERSON,0.0,0.0,en,1
Mirko Bibic,Mirko Bibic,PERSON,0.0,0.0,en,1
Joe Raedle,Joe Raedle,PERSON,0.0,0.0,en,1
Hunter Biden,Hunter Biden,PERSON,0.03333333333333333,0.06666666666666667,en,1
James Garner,James Garner,PERSON,0.16,0.5399999999999999,en,1
Bashar al-Assad,Bashar al-Assad,PERSON,0.0,0.325,en,1
Hillary Clinton,Hillary Clinton,PERSON,0.0,0.0,en,1
Chris Taylor,Chris Taylor,PERSON,0.05208333333333334,0.34631410256410255,en,1
Maldwyn John Evans,Maldwyn John Evans,PERSON,0.05208333333333334,0.34631410256410255,en,1
Philip Zylstra,Philip Zylstra,PERSON,0.05208333333333334,0.34631410256410255,en,1
ByJustine Calma,ByJustine Calma,PERSON,0.0,0.0,en,1
Shiromani Akali Dal,Shiromani Akali Dal,PERSON,0.0,0.125,en,1
Johnston Fire,Johnston Fire,PERSON,0.0,0.0,en,1
David Iannuccilli,David Iannuccilli,PERSON,0.0,0.0,en,1
Peter Joneleit,Peter Joneleit,PERSON,0.0625,0.5,en,1
MARK STEVENSON,MARK STEVENSON,PERSON,0.3,1.0,en,1
Herb Saperstone,Herb Saperstone,PERSON,-0.013888888888888895,0.2513888888888889,en,1
Ben Taub,Ben Taub,PERSON,0.0,0.325,en,1
Charlie Neibergall,Charlie Neibergall,PERSON,0.0,0.0,en,1
Daniel Swain,Daniel Swain,PERSON,-0.3,0.8,en,1
Patricia Howard,Patricia Howard,PERSON,0.0,0.5,en,1
Rohan Browning,Rohan Browning,PERSON,0.0,0.6,en,1
Sifan Hassan,Sifan Hassan,PERSON,0.0,0.0,en,1
Femke Bol,Femke Bol,PERSON,0.0,0.0,en,1
Emily Cassidy,Emily Cassidy,PERSON,0.0,0.0,en,1
JORDI LEBRIJA,JORDI LEBRIJA,PERSON,0.0,0.0,en,1
Hilary Tracker,Hilary Tracker,PERSON,-0.6,0.9,en,1
David Lindenmayer,David Lindenmayer,PERSON,0.05208333333333334,0.34631410256410255,en,1
Clare Nullis,Clare Nullis,PERSON,0.425,0.525,en,1
Marcus Thuram,Marcus Thuram,PERSON,0.0,0.0,en,1
Christian Pulisic,Christian Pulisic,PERSON,0.0,0.0,en,1
Liu Guozhong,Liu Guozhong,PERSON,0.10416666666666666,0.4375,en,1
Sicilys Mt Etna,Sicilys Mt Etna,PERSON,0.0,0.0,en,1
Denali Nationa,Denali Nationa,PERSON,0.12000000000000002,0.5599999999999999,en,1
Typhoon Lan Hits Western Japan,Typhoon Lan Hits Western Japan,PERSON,0.0,0.0,en,1
Jianan Yu,Jianan Yu,PERSON,0.04999999999999999,0.45,en,1
Maui Co,Maui Co,PERSON,0.0,0.0,en,1
Helena Humphrey,Helena Humphrey,PERSON,0.0,0.0,en,1
Donna Crawford,Donna Crawford,PERSON,0.0,0.0,en,1
BBN fligt,BBN fligt,PERSON,0.0,0.0,en,1
Forbes Daily,Forbes Daily,PERSON,0.0,0.0,en,1
Canary isl,Canary isl,PERSON,0.20000000000000004,0.3833333333333333,en,1
Molu Golbowa,Molu Golbowa,PERSON,0.8,0.75,en,1
Storm Greg,Storm Greg,PERSON,-0.1,0.4,en,1
Mikhail Podoliak,Mikhail Podoliak,PERSON,0.11666666666666665,0.18333333333333335,en,1
Vladimir Zelensky,Vladimir Zelensky,PERSON,0.11666666666666665,0.18333333333333335,en,1
ullstein bild,ullstein bild,PERSON,0.04545454545454545,0.18484848484848485,en,1
John Hunt,John Hunt,PERSON,-0.09999999999999999,0.4777777777777778,en,1
FORECAST CONE,FORECAST CONE,PERSON,0.19791666666666666,0.5,en,1
Jamie McCarron,Jamie McCarron,PERSON,0.0,0.0,en,1
Tropical Storm Hilary,Tropical Storm Hilary,PERSON,0.0,0.0,en,1
Tropical Sto,Tropical Sto,PERSON,0.0,0.0,en,1
Zack Taylor,Zack Taylor,PERSON,0.0,0.0,en,1
basmati rice,basmati rice,PERSON,0.0,0.0,en,1
VP Harris,VP Harris,PERSON,0.75,0.95,en,1
Tonto Dikeh,Tonto Dikeh,PERSON,0.0,0.0,en,1
Simon Calders,Simon Calders,PERSON,0.15208333333333335,0.4604166666666667,en,1
Sadiq Dar,Sadiq Dar,PERSON,0.13333333333333333,0.6333333333333333,en,1
Brian Klein,Brian Klein,PERSON,-0.075,0.2916666666666667,en,1
Tyler Durden,Tyler Durden,PERSON,0.1875,0.4375,en,1
Wasim MS,Wasim MS,PERSON,-0.1,0.3,en,1
Amjad M,Amjad M,PERSON,-0.1,0.3,en,1
Abbasi MA,Abbasi MA,PERSON,-0.1,0.3,en,1
Bhatti AR,Bhatti AR,PERSON,-0.1,0.3,en,1
Rasool A,Rasool A,PERSON,-0.1,0.3,en,1
Lando Norris,Lando Norris,PERSON,0.25,0.5,en,1
Cailley LaPara,Cailley LaPara,PERSON,0.13636363636363635,0.45454545454545453,en,1
Vaisala Oyj,Vaisala Oyj,PERSON,0.06818181818181818,0.22727272727272727,en,1
Florencia Soto Niño,Florencia Soto Niño,PERSON,0.0,0.1,en,1
Markham de,Markham de,PERSON,0.16666666666666666,0.16666666666666666,en,1
Ray Garland,Ray Garland,PERSON,-0.008333333333333333,0.041666666666666664,en,1
Joanna Kelly,Joanna Kelly,PERSON,-0.03,0.165,en,1
Joseph Utsev,Joseph Utsev,PERSON,0.0,0.1,en,1
Roman Sto,Roman Sto,PERSON,0.1375,0.425,en,1
Ranjan Dey,Ranjan Dey,PERSON,0.0,0.0,en,1
Rafael Nuñez,Rafael Nuñez,PERSON,-0.2777777777777778,0.4444444444444444,en,1
Punjab provin,Punjab provin,PERSON,0.0,0.0,en,1
Gentle Breeze Betty,Gentle Breeze Betty,PERSON,0.1,0.4625,en,1
Florida10 Ta,Florida10 Ta,PERSON,0.325,0.5,en,1
PM Justin Trudeau,PM Justin Trudeau,PERSON,-0.05,0.05,en,1
JAS 39 Gripen,JAS 39 Gripen,PERSON,0.2,0.4,en,1
Bigg Boss,Bigg Boss,PERSON,0.0,0.0,en,1
Hilary Flooding,Hilary Flooding,PERSON,0.0,0.0,en,1
Murray-Darling Basin Plan,Murray-Darling Basin Plan,PERSON,0.13636363636363635,0.45454545454545453,en,1
David L,David L,PERSON,-0.03383838383838385,0.3786868686868687,en,1
Kay Kay Menon,Kay Kay Menon,PERSON,0.2736111111111111,0.6347222222222222,en,1
Dimitris Alexoudis,Dimitris Alexoudis,PERSON,0.03125,0.25,en,1
Alaska Airlin,Alaska Airlin,PERSON,-1.0,1.0,en,1
Margaret Stewart,Margaret Stewart,PERSON,-0.14166666666666666,0.525,en,1
Philip Orton,Philip Orton,PERSON,0.1875,0.4375,en,1
Vladimir P,Vladimir P,PERSON,0.12678571428571428,0.6303571428571428,en,1
Storm Franklin,Storm Franklin,PERSON,0.0,0.0,en,1
Tropical Storm,Tropical Storm,PERSON,0.0,0.0,en,1
Scott Rennick,Scott Rennick,PERSON,-0.6999999999999998,0.6666666666666666,en,1
Cinda Larimer,Cinda Larimer,PERSON,0.35,0.65,en,1
Braxton Hicks,Braxton Hicks,PERSON,0.05416666666666666,0.3833333333333333,en,1
Jack Selby,Jack Selby,PERSON,0.0,0.1,en,1
Headcorn man’s,Headcorn man’s,PERSON,-0.26666666666666666,0.16666666666666666,en,1
the Hung Tong,the Hung Tong,PERSON,-0.11666666666666665,0.6166666666666667,en,1
Katherine Moore,Katherine Moore,PERSON,0.0,0.0,en,1
Apple Sanlitun,Apple Sanlitun,PERSON,0.16666666666666666,0.2333333333333333,en,1
Fezz Audio Silver Luna Prestige,Fezz Audio Silver Luna Prestige,PERSON,0.0,0.0,en,1
Luca Mercalli,Luca Mercalli,PERSON,0.16666666666666666,0.4166666666666667,en,1
Aitor Alcalde - FIFA,Aitor Alcalde - FIFA,PERSON,-0.2,0.4,en,1
ALI ZERDIN,ALI ZERDIN,PERSON,-0.3666666666666667,0.6,en,1
Amy Davidson,Amy Davidson,PERSON,0.005681818181818177,0.2897727272727273,en,1
New Yorker,New Yorker,PERSON,0.005681818181818177,0.2897727272727273,en,1
Jade Gao,Jade Gao,PERSON,-0.25,0.45,en,1
Martin Geissler,Martin Geissler,PERSON,0.4666666666666666,0.4000000000000001,en,1
BBC Rad,BBC Rad,PERSON,0.4666666666666666,0.4000000000000001,en,1
Sinéad OConnor,Sinéad OConnor,PERSON,0.4666666666666666,0.4000000000000001,en,1
"Golden Boy""A","Golden Boy""A",PERSON,0.15,0.375,en,1
Berry Head,Berry Head,PERSON,0.0,0.1,en,1
Mendenhall Lake,Mendenhall Lake,PERSON,0.0625,0.5,en,1
Tim Eyes,Tim Eyes,PERSON,0.06818181818181818,0.3522727272727273,en,1
Mendenhall Glacier,Mendenhall Glacier,PERSON,0.0,0.0,en,1
Rajan Chakrabartys,Rajan Chakrabartys,PERSON,-0.012244897959183682,0.37551020408163266,en,1
Kat Wehunt,Kat Wehunt,PERSON,0.24545454545454545,0.48484848484848486,en,1
Phillip Baumgart,Phillip Baumgart,PERSON,-0.14523809523809522,0.7047619047619047,en,1
AMD Ryzen,AMD Ryzen,PERSON,-0.7,0.2,en,1
Argyris Mantikos,Argyris Mantikos,PERSON,0.0,0.0,en,1
Aaron Tang,Aaron Tang,PERSON,0.0,0.0,en,1
Terry Eliasen,Terry Eliasen,PERSON,0.5454545454545454,0.6515151515151515,en,1
Mohammed Aslam,Mohammed Aslam,PERSON,-0.14007936507936508,0.44722222222222224,en,1
Emma Rosenblum’s,Emma Rosenblum’s,PERSON,0.4333333333333333,0.46666666666666673,en,1
Matthew William Jones,Matthew William Jones,PERSON,0.19523809523809524,0.4238095238095238,en,1
Chantelle Burton,Chantelle Burton,PERSON,0.19523809523809524,0.4238095238095238,en,1
Douglas Kelley,Douglas Kelley,PERSON,0.19523809523809524,0.4238095238095238,en,1
Stefan H Doerr,Stefan H Doerr,PERSON,0.19523809523809524,0.4238095238095238,en,1
Geralde Gabeau,Geralde Gabeau,PERSON,0.5,0.5,en,1
Tony Berastegui Jr,Tony Berastegui Jr,PERSON,0.2857142857142857,0.5357142857142857,en,1
Giselle Berastegui,Giselle Berastegui,PERSON,0.2857142857142857,0.5357142857142857,en,1
Justin Lahar,Justin Lahar,PERSON,-0.125,0.375,en,1
Pete Buttigieg,Pete Buttigieg,PERSON,0.4,0.7,en,1
Rain Pelts,Rain Pelts,PERSON,-0.3,0.4,en,1
Miguel Delaneys,Miguel Delaneys,PERSON,0.22142857142857145,0.5,en,1
Andries Jonker,Andries Jonker,PERSON,0.22142857142857145,0.5,en,1
Floriana Peronis,Floriana Peronis,PERSON,0.0,0.06666666666666667,en,1
Roman ne,Roman ne,PERSON,0.0,0.25,en,1
Andy Li,Andy Li,PERSON,0.45,0.8500000000000001,en,1
COLLEEN BARRY,COLLEEN BARRY,PERSON,0.08333333333333333,0.19999999999999998,en,1
NICOLE WINFIELD,NICOLE WINFIELD,PERSON,0.08333333333333333,0.19999999999999998,en,1
Kim Beinin,Kim Beinin,PERSON,-0.03333333333333333,0.32222222222222224,en,1
Mark Howden,Mark Howden,PERSON,0.0,0.0,en,1
Queen Camilla,Queen Camilla,PERSON,0.0,0.06666666666666667,en,1
Pranay Aggarwal,Pranay Aggarwal,PERSON,0.16666666666666666,0.5,en,1
Cecily Tynan,Cecily Tynan,PERSON,0.5,0.9,en,1
Kate Gallego,Kate Gallego,PERSON,-0.125,1.0,en,1
Brian Schatz,Brian Schatz,PERSON,-0.06590909090909092,0.2,en,1
Marco Garcia,Marco Garcia,PERSON,0.22499999999999998,0.575,en,1
Amanda Ilestedt,Amanda Ilestedt,PERSON,-0.25,0.25,en,1
WWE SmackDown,WWE SmackDown,PERSON,0.0,0.0,en,1
Jey Uso,Jey Uso,PERSON,0.0,0.0,en,1
Jimmy Uso,Jimmy Uso,PERSON,-0.1,0.4,en,1
Mecha Solís,Mecha Solís,PERSON,0.0,0.05,en,1
Genevieve Taylor,Genevieve Taylor,PERSON,0.0,0.05,en,1
Melissa Thomson,Melissa Thomson,PERSON,0.0,0.05,en,1
Jessica Kelly,Jessica Kelly,PERSON,0.0,0.05,en,1
Megan Rapinoe,Megan Rapinoe,PERSON,-0.033333333333333326,0.6666666666666666,en,1
Paula Ramon,Paula Ramon,PERSON,0.0,0.0,en,1
Emmitt Anderson,Emmitt Anderson,PERSON,0.25,0.3,en,1
Jeffrey J,Jeffrey J,PERSON,0.0,0.0,en,1
Anna Kelbert,Anna Kelbert,PERSON,0.375,0.4666666666666667,en,1
Florencio Gueta Vargas,Florencio Gueta Vargas,PERSON,0.5,0.8888888888888888,en,1
Charles III,Charles III,PERSON,0.0,0.06666666666666667,en,1
Lee Hyun-ho,Lee Hyun-ho,PERSON,0.0,0.0,en,1
Tulika Bose,Tulika Bose,PERSON,-0.07777777777777779,0.14444444444444446,en,1
Roslyn Prinsley,Roslyn Prinsley,PERSON,0.0,0.0,en,1
John Sutton,John Sutton,PERSON,0.04166666666666667,0.19999999999999998,en,1
Thao Linh Tran,Thao Linh Tran,PERSON,0.0,0.0,en,1
SARAH BRUMFIELD,SARAH BRUMFIELD,PERSON,0.0,0.0,en,1
Chris Nixon,Chris Nixon,PERSON,-0.06666666666666665,0.6,en,1
BECKY BOHRER,BECKY BOHRER,PERSON,0.0,0.0,en,1
MARK THIESSEN,MARK THIESSEN,PERSON,0.0,0.0,en,1
Collene Bremner,Collene Bremner,PERSON,0.0,0.0,en,1
Matthew Thayer,Matthew Thayer,PERSON,0.0,0.0,en,1
Barry Parsons,Barry Parsons,PERSON,0.04545454545454545,0.17373737373737375,en,1
Beijing rai,Beijing rai,PERSON,-0.08,0.38,en,1
Jan-Philipp Scholz,Jan-Philipp Scholz,PERSON,-0.13125,0.4,en,1
Frederik Ringnes,Frederik Ringnes,PERSON,0.0,0.0,en,1
Ursula von der Leyen v,Ursula von der Leyen v,PERSON,0.040909090909090916,0.3348484848484849,en,1
Joachim Wuermeling,Joachim Wuermeling,PERSON,0.09285714285714287,0.3404761904761905,en,1
Zendure p,Zendure p,PERSON,0.2,0.8125,en,1
Eran Hood,Eran Hood,PERSON,0.0,0.4,en,1
Bernardo Lopes,Bernardo Lopes,PERSON,0.0,0.0,en,1
Rain”(“Amanhã Já,Rain”(“Amanhã Já,PERSON,0.0,0.10555555555555556,en,1
Jonas Gahr Støre,Jonas Gahr Støre,PERSON,0.0,0.0,en,1
Tom Burgess,Tom Burgess,PERSON,0.04166666666666667,0.19999999999999998,en,1
De Decker,De Decker,PERSON,0.8,0.4,en,1
Dane Andreas Kron,Dane Andreas Kron,PERSON,0.15,0.1,en,1
Andrea Piccolo,Andrea Piccolo,PERSON,0.15,0.1,en,1
Kendra Pierre-Louis,Kendra Pierre-Louis,PERSON,0.0,0.0,en,1
Mohammad Hanief,Mohammad Hanief,PERSON,-0.04166666666666667,0.6666666666666666,en,1
the Dredge Potter,the Dredge Potter,PERSON,0.0,0.0,en,1
Delta bri,Delta bri,PERSON,0.0,0.0,en,1
Sergei Lavrov,Sergei Lavrov,PERSON,-0.125,0.125,en,1
Oliver Anthon,Oliver Anthon,PERSON,-0.006249999999999999,0.44375000000000003,en,1
Tamer Almisshal,Tamer Almisshal,PERSON,0.1,0.7,en,1
Rohit Sharma,Rohit Sharma,PERSON,-0.075,0.35,en,1
Cindi Lauper,Cindi Lauper,PERSON,0.0,0.0,en,1
John Muir,John Muir,PERSON,0.4916666666666667,0.5916666666666667,en,1
Lee Restrengthens,Lee Restrengthens,PERSON,-0.06460227272727273,0.4709090909090909,en,1
Rainbow Kitten,Rainbow Kitten,PERSON,0.0,0.0,en,1
DÁNICA COTO,DÁNICA COTO,PERSON,-0.07500000000000001,0.35,en,1
Alex BillingtonSeptember,Alex BillingtonSeptember,PERSON,0.08333333333333333,1.0,en,1
Narisara Nami,Narisara Nami,PERSON,-0.35714285714285715,0.9285714285714286,en,1
Oliver Anthony,Oliver Anthony,PERSON,0.0,0.0,en,1
Matoula Tzela,Matoula Tzela,PERSON,0.0,0.05,en,1
Josh Wagner,Josh Wagner,PERSON,0.24333333333333335,0.55,en,1
Steele Canvas,Steele Canvas,PERSON,0.0,0.0,en,1
Steele Canvasmakers,Steele Canvasmakers,PERSON,0.0,0.5,en,1
PALAMA KARDITSA,PALAMA KARDITSA,PERSON,0.13333333333333333,0.5333333333333333,en,1
Ted Lieu,Ted Lieu,PERSON,0.0,0.0,en,1
Ossama Hamad,Ossama Hamad,PERSON,-0.175,0.63125,en,1
Johnny Sexto,Johnny Sexto,PERSON,-0.2799999999999999,0.4333333333333334,en,1
Arif Khan,Arif Khan,PERSON,0.0,0.0,en,1
‘Hailstone King,‘Hailstone King,PERSON,0.0,0.0,en,1
Julie Jammo,Julie Jammo,PERSON,0.0,0.0,en,1
Benjamin Netanyahu,Benjamin Netanyahu,PERSON,0.1875,0.4,en,1
Nikos Christodouli,Nikos Christodouli,PERSON,0.1875,0.4,en,1
wildflower loversif,wildflower loversif,PERSON,0.1285714285714286,0.42857142857142855,en,1
António Guterres,António Guterres,PERSON,0.0,0.0,en,1
Jonathan Wilkinson,Jonathan Wilkinson,PERSON,0.1,0.4,en,1
Lee Rapidly Intensifies,Lee Rapidly Intensifies,PERSON,0.0625,0.5,en,1
Danny Masterson,Danny Masterson,PERSON,0.0,0.0,en,1
Lee Rapidly,Lee Rapidly,PERSON,0.0,0.0,en,1
Lee doubl,Lee doubl,PERSON,0.0,0.0,en,1
Guillem de Balanzo,Guillem de Balanzo,PERSON,0.16666666666666669,0.5,en,1
Paul O’Donovan,Paul O’Donovan,PERSON,0.2,0.3,en,1
Paul ODonovan,Paul ODonovan,PERSON,0.04642857142857143,0.3333333333333333,en,1
Scunthorpe United v Buxton,Scunthorpe United v Buxton,PERSON,-0.2,0.5,en,1
Scunthorpe United,Scunthorpe United,PERSON,-0.13333333333333333,0.4666666666666666,en,1
Tom Curry,Tom Curry,PERSON,-0.2799999999999999,0.4333333333333334,en,1
George Ford,George Ford,PERSON,-0.2799999999999999,0.4333333333333334,en,1
Tropical Storm Margot,Tropical Storm Margot,PERSON,0.3125,0.4,en,1
Ani Aponte,Ani Aponte,PERSON,0.1125,0.30625,en,1
Van Hattum,Van Hattum,PERSON,0.06818181818181818,0.22727272727272727,en,1
Hassan Ghani Sheikh fro,Hassan Ghani Sheikh fro,PERSON,0.0,0.0,en,1
Pitch Up,Pitch Up,PERSON,0.2556818181818182,0.6022727272727273,en,1
Toby Sterling,Toby Sterling,PERSON,0.5,0.7250000000000001,en,1
Javier Miranda,Javier Miranda,PERSON,0.375,0.75,en,1
Ethan Chorin,Ethan Chorin,PERSON,0.0,0.0,en,1
Muhammad Abu Moshe,Muhammad Abu Moshe,PERSON,0.0,0.0,en,1
Cape Cod,Cape Cod,PERSON,0.0727272727272727,0.7590909090909091,en,1
Hisham Chkiouat,Hisham Chkiouat,PERSON,0.0,0.3333333333333333,en,1
Danelo Cavalcante,Danelo Cavalcante,PERSON,0.0,0.0,en,1
Danelo Cavalcan,Danelo Cavalcan,PERSON,0.0,0.0,en,1
Spencer Pla,Spencer Pla,PERSON,0.0,0.0,en,1
MICHAEL CASEY,MICHAEL CASEY,PERSON,0.0,0.0,en,1
KATHY McCORMACK,KATHY McCORMACK,PERSON,0.0,0.0,en,1
Abdullah Mohammed Bonja,Abdullah Mohammed Bonja,PERSON,0.0,0.0,en,1
Jair Bolsonaro,Jair Bolsonaro,PERSON,0.0,0.0,en,1
Stephan Shemilt,Stephan Shemilt,PERSON,0.005681818181818177,0.4147727272727273,en,1
River Niger,River Niger,PERSON,-0.2,0.5,en,1
Justin Nelson,Justin Nelson,PERSON,0.0,0.0,en,1
Usama al-Husadi,Usama al-Husadi,PERSON,0.0,0.0,en,1
Anonymous Death,Anonymous Death,PERSON,0.04999999999999999,0.6,en,1
Martha Bebinger,Martha Bebinger,PERSON,0.07500000000000001,0.7,en,1
Hassan Ghani Sheikh,Hassan Ghani Sheikh,PERSON,0.0,0.0,en,1
SETH BORENSTEIN,SETH BORENSTEIN,PERSON,0.15,0.45,en,1
Lithium Ame,Lithium Ame,PERSON,0.375,0.75,en,1
Liana Baker,Liana Baker,PERSON,0.0,1.0,en,1
Annalena Baerbock,Annalena Baerbock,PERSON,0.24166666666666667,0.39166666666666666,en,1
Niels Fraehr,Niels Fraehr,PERSON,-0.1,0.375,en,1
Q J Wang,Q J Wang,PERSON,-0.1,0.375,en,1
Wenyan Wu,Wenyan Wu,PERSON,-0.1,0.375,en,1
Rory Nathan,Rory Nathan,PERSON,-0.1,0.375,en,1
Kris Yeary,Kris Yeary,PERSON,-0.16666666666666666,0.06666666666666667,en,1
Ahmed Mis,Ahmed Mis,PERSON,0.0,0.0,en,1
Ehimetalor Akhere Unuabona,Ehimetalor Akhere Unuabona,PERSON,0.0,0.0,en,1
Virat Kohli,Virat Kohli,PERSON,0.0,0.0,en,1
Jasprit Bumrah,Jasprit Bumrah,PERSON,0.0,0.0,en,1
Ishan Kis,Ishan Kis,PERSON,0.0,0.0,en,1
Debbie Rupke,Debbie Rupke,PERSON,0.0,0.0,en,1
Priyanka Gandhi,Priyanka Gandhi,PERSON,0.0,0.0,en,1
Priyanka Gandhi Vadra,Priyanka Gandhi Vadra,PERSON,0.0,0.0,en,1
Aly Song,Aly Song,PERSON,0.0,0.0,en,1
Hurricane Ma,Hurricane Ma,PERSON,0.0,0.0,en,1
El Nino Alert,El Nino Alert,PERSON,0.0,0.1,en,1
Mike Kurtz,Mike Kurtz,PERSON,0.28354978354978355,0.5181818181818182,en,1
Debbie Arellano,Debbie Arellano,PERSON,0.14583333333333334,0.611111111111111,en,1
Kpatawee Waterfall,Kpatawee Waterfall,PERSON,0.0,0.39285714285714285,en,1
Andreas Kron,Andreas Kron,PERSON,0.26666666666666666,0.3833333333333333,en,1
Maria Alejandra Cardona,Maria Alejandra Cardona,PERSON,-0.6,0.9,en,1
Gus Trompiz,Gus Trompiz,PERSON,0.01666666666666672,0.7222222222222222,en,1
Pradhan Mantri,Pradhan Mantri,PERSON,0.13333333333333333,0.7166666666666667,en,1
Fasal Bima Yojana,Fasal Bima Yojana,PERSON,0.13333333333333333,0.7166666666666667,en,1
Brian McNoldy,Brian McNoldy,PERSON,0.0,0.0,en,1
Ananya Kumar,Ananya Kumar,PERSON,-0.1875,0.3125,en,1
Charles Lichfiel,Charles Lichfiel,PERSON,-0.1875,0.3125,en,1
Mary opti,Mary opti,PERSON,0.0,0.0,en,1
Casey DeSantisMeg Kinnard,Casey DeSantisMeg Kinnard,PERSON,0.22916666666666669,0.5416666666666666,en,1
Ben Bend,Ben Bend,PERSON,0.0,0.0,en,1
Makatla Ritchter,Makatla Ritchter,PERSON,0.0,0.0,en,1
Keiphra Line,Keiphra Line,PERSON,0.0,0.0,en,1
Deborah Green,Deborah Green,PERSON,-0.2,0.3,en,1
Mary Jane Canyon,Mary Jane Canyon,PERSON,0.0,0.06666666666666667,en,1
Ambrose Bierce,Ambrose Bierce,PERSON,0.0,0.0,en,1
GIFT HABIB,GIFT HABIB,PERSON,-0.03333333333333333,0.20833333333333334,en,1
dronesby Paul Godfrey,dronesby Paul Godfrey,PERSON,-0.13999999999999999,0.42000000000000004,en,1
Lagdom Dam,Lagdom Dam,PERSON,0.0,0.0,en,1
Jason Simpson,Jason Simpson,PERSON,-0.0625,0.3125,en,1
DVF Awar,DVF Awar,PERSON,-0.07777777777777779,0.14444444444444446,en,1
Bhadradri Kothagudem,Bhadradri Kothagudem,PERSON,0.0,0.1,en,1
Trevor Abrahams,Trevor Abrahams,PERSON,0.05,0.05,en,1
Mohsin Naqvi,Mohsin Naqvi,PERSON,-0.3,0.4,en,1
Simon Jones,Simon Jones,PERSON,-0.3,0.6,en,1
Isaac Newton,Isaac Newton,PERSON,0.0,0.0,en,1
Mahmoud Abbas,Mahmoud Abbas,PERSON,0.21428571428571427,0.5714285714285714,en,1
Mahmoud Abb,Mahmoud Abb,PERSON,0.21428571428571427,0.5714285714285714,en,1
Richard Dawson,Richard Dawson,PERSON,0.1,0.6,en,1
Jesus Cares,Jesus Cares,PERSON,0.0,0.0,en,1
Shad Good,Shad Good,PERSON,0.13999999999999999,0.32,en,1
Florida Bracing,Florida Bracing,PERSON,0.0625,0.5,en,1
Alfredo Castro-Led ‘A Ravaging Wind,Alfredo Castro-Led ‘A Ravaging Wind,PERSON,0.0,0.0,en,1
Leonel D’Agostino,Leonel D’Agostino,PERSON,0.0,0.0,en,1
Ayesha Tandon,Ayesha Tandon,PERSON,0.07424242424242425,0.591125541125541,en,1
Matti Klenell,Matti Klenell,PERSON,0.13636363636363635,0.45454545454545453,en,1
Tropical Stor,Tropical Stor,PERSON,0.0,0.0,en,1
JEFF MARTIN,JEFF MARTIN,PERSON,-0.325,0.5,en,1
Gerald Herbert,Gerald Herbert,PERSON,0.375,0.75,en,1
Tatiana Kamelamela-Liua,Tatiana Kamelamela-Liua,PERSON,0.0,0.0,en,1
Takaya Awata,Takaya Awata,PERSON,0.1125,0.15,en,1
Hail Mary,Hail Mary,PERSON,0.0,0.0,en,1
Barry Loudermilk,Barry Loudermilk,PERSON,0.0,0.0,en,1
Teresa Carroll,Teresa Carroll,PERSON,0.0,0.1,en,1
Jeremy DeHart,Jeremy DeHart,PERSON,0.11125,0.52,en,1
Sadiq Nafee,Sadiq Nafee,PERSON,-0.3,0.4,en,1
Sai Zaw Thaike,Sai Zaw Thaike,PERSON,0.0,0.0,en,1
acai bowls,acai bowls,PERSON,0.2,0.45,en,1
Muhammad Yaqoob,Muhammad Yaqoob,PERSON,-0.1722222222222222,0.5777777777777778,en,1
Mount Gimie Range,Mount Gimie Range,PERSON,0.0,0.0,en,1
Jeffrey Greenberg,Jeffrey Greenberg,PERSON,-0.037500000000000006,0.44999999999999996,en,1
Chris Rock,Chris Rock,PERSON,-0.08125,0.21875,en,1
Popocatépetl h,Popocatépetl h,PERSON,0.0,0.0,en,1
Luana da Luz,Luana da Luz,PERSON,0.05,0.2,en,1
Luana da Lu,Luana da Lu,PERSON,0.0,0.0,en,1
Daniel Gonzalez,Daniel Gonzalez,PERSON,-0.19166666666666665,0.5333333333333333,en,1
Hamilton Re,Hamilton Re,PERSON,0.0,0.0,en,1
Emil Pavlov,Emil Pavlov,PERSON,-0.2888888888888888,0.3666666666666667,en,1
Mitch McConnells,Mitch McConnells,PERSON,0.0,0.4166666666666667,en,1
Maksim Paskotsi,Maksim Paskotsi,PERSON,0.0,0.0,en,1
Jan Kruger,Jan Kruger,PERSON,0.0,0.0,en,1
Kevin Olasanoye,Kevin Olasanoye,PERSON,0.38333333333333336,0.43333333333333335,en,1
PEPT •It,PEPT •It,PERSON,0.0,0.0,en,1
Atiku Abubakar,Atiku Abubakar,PERSON,0.0,0.0,en,1
Jann Gilbert,Jann Gilbert,PERSON,0.0,0.0,en,1
La Ninã,La Ninã,PERSON,0.19583333333333333,0.4041666666666666,en,1
Whi BEIJING,Whi BEIJING,PERSON,0.0,0.0,en,1
Bagh Yusuf,Bagh Yusuf,PERSON,0.0,0.0,en,1
Acai bowls,Acai bowls,PERSON,0.3,0.5,en,1
Ashlee Frost,Ashlee Frost,PERSON,0.033333333333333326,0.7333333333333334,en,1
Elizabeth Brockway,Elizabeth Brockway,PERSON,0.05,0.15,en,1
Shenzhen Bracing,Shenzhen Bracing,PERSON,0.3333333333333333,0.6666666666666666,en,1
Storm Katia,Storm Katia,PERSON,0.13636363636363635,0.45454545454545453,en,1
Jorge Martin,Jorge Martin,PERSON,0.25555555555555554,0.5666666666666668,en,1
Dave Maxwell,Dave Maxwell,PERSON,-0.029166666666666664,0.26666666666666666,en,1
Tsai Ing-wen,Tsai Ing-wen,PERSON,0.0875,0.24583333333333335,en,1
Hwa Cheng,Hwa Cheng,PERSON,0.0,0.0,en,1
Typhoon Haikui Slams,Typhoon Haikui Slams,PERSON,0.0,0.0,en,1
Jessie Gregory de,Jessie Gregory de,PERSON,0.0,0.0,en,1
RSV Nuyina,RSV Nuyina,PERSON,0.5,0.5,en,1
Peter Meyers,Peter Meyers,PERSON,0.0,0.0,en,1
Lydia Huang,Lydia Huang,PERSON,0.05,0.3,en,1
Jeff Akin,Jeff Akin,PERSON,0.0,0.0,en,1
Saket Soni,Saket Soni,PERSON,0.22166666666666668,0.67,en,1
Kylian Mbappe,Kylian Mbappe,PERSON,0.0,0.0,en,1
Simon Byrne,Simon Byrne,PERSON,0.0,1.0,en,1
Bastien Chalureau,Bastien Chalureau,PERSON,0.04971590909090909,0.41780303030303034,en,1
Fabien Galthié,Fabien Galthié,PERSON,0.13636363636363635,0.45454545454545453,en,1
Bastien Chalureaus,Bastien Chalureaus,PERSON,0.13636363636363635,0.45454545454545453,en,1
Johnny Jet,Johnny Jet,PERSON,0.25,0.3333333333333333,en,1
Hurricane Otis,Hurricane Otis,PERSON,-0.06000000000000001,0.26,en,1
